Alloy,Composition,Process,UTS (MPa),YS (MPa),Elong (%),Corrosion (1-5),Fatigue (1-5),Density (g/cmÂ³),k1c,Energy,Mod. Young (GPa),Custo,Referencia  
Aço 1020,"Fe, 0.20% C, 0.45% Mn","Laminação, WAAM","380,00","205,00","25,00","1,00","3,00","7,85","55,00","73,10","207,00","5,00",CALLISTER 
Aço 1040,Fe! 0!40% C! 0!75% Mn,"Laminação, WAAM","600,00","400,00","18,00","1,00","3,00","7,85","54,00","90,00","207,00","5,00",CALLISTER 
Aço 1045,Fe! 0!45% C! 0!75% Mn,"Laminação, Forjamento","625,00","530,00","12,00","1,00","4,00","7,85","52,00","69,30","207,00","5,00",CALLISTER 
Aço 1050,Fe! 0!50% C! 0!75% Mn,"Laminação, Forjamento","650,00","350,00","15,00","1,00","4,00","7,85","50,00","75,00","207,00","5,00",CALLISTER 
Aço 1060,Fe! 0!60% C! 0!75% Mn,Laminação,"680,00","380,00","12,00","1,00","4,00","7,85","48,00","63,60","207,00","5,00",CALLISTER 
Aço 1070,Fe! 0!70% C,Laminação,"760,00","450,00","10,00","1,00","4,00","7,85","45,00","60,50","207,00","5,00",CALLISTER 
Aço 1080,Fe! 0!80% C! 0!50% Mn,Laminação,"1000,00","500,00","10,00","1,00","4,00","7,85","40,00","75,00","207,00","4,00",CALLISTER 
Aço 10821 (Boron),Fe! 0!2C! B,Estampagem Quente,"1400,00","1100,00","6,00","1,00","4,00","7,85","45,00","75,00",,"4,00",CALLISTER 
Aço 4130,Fe! 0!3C! 1!0Cr! 0!2Mo,"Laminação, WAAM","670,00","435,00","25,00","2,00","4,00","7,85","60,00","138,10","207,00","4,00",CALLISTER 
Aço 4140,Fe! 0!4C! 1!0Cr! 0!2Mo,"Laminação, WAAM","1000,00","750,00","18,00","2,00","5,00","7,85","75,00","157,50","207,00","3,00",CALLISTER 
Aço 4150,Fe! 0!5C! 1!0Cr! 0!2Mo,"Forjamento, Usinagem","1030,00","900,00","15,00","2,00","5,00","7,85","70,00","144,80","207,00","3,00",CALLISTER 
Aço 4340,Fe! 0!4C! 1!8Ni! 0!8Cr,"Laminação, WAAM","1200,00","1000,00","15,00","2,00","5,00","7,85","87,00","165,00","207,00","3,00",CALLISTER 
Aço 52100,Fe! 1!0C! 1!5Cr,Forjamento,"2240,00","2030,00","5,00","1,00","5,00","7,81","20,00","106,80","210,00","3,00",CALLISTER 
Aço 9254,Fe! 0!55C! 1!4Si! 0!7Cr,Laminação,"1600,00","1400,00","8,00","1,00","5,00","7,85","25,00","120,00","207,00","3,00",CALLISTER 
Aço 9310,Fe! 0!1C! 3!2Ni! 1!2Cr,"Forjamento, PBF-LB","1100,00","900,00","12,00","2,00","5,00","7,85","90,00","120,00","207,00","2,00",CALLISTER 
Aço 18Ni-250 (Maraging),Fe! 18Ni! 5Mo! 0!4Ti,"Forjamento, PBF-LB","1723,00","1700,00","11,00","3,00","5,00","8,00","95,00","188,30","190,00","1,00",CALLISTER 
Aço M50,Fe! 0!8C! 4Cr! 4Mo! 1V,"Forjamento, PBF-LB","2000,00","1900,00","2,00","2,00","5,00","7,80","18,00","39,00","210,00","2,00",CALLISTER 
Inox 304/304L,Fe! 19Cr! 9Ni! <0!08C,"Laminação, WAAM, PBF-LB","515,00","205,00","40,00","5,00","4,00","8,00","85,00","144,00","193,00","3,00",CALLISTER 
Inox 309,Fe! 23Cr! 13Ni,"Laminação, WAAM","620,00","310,00","45,00","5,00","4,00","8,00","85,00","209,30","193,00","2,00",CALLISTER 
Inox 316,Fe! 17Cr! 12Ni! 2!5Mo,"Laminação, PBF-LB","580,00","290,00","50,00","5,00","4,00","8,00","90,00","217,50","193,00","2,00",CALLISTER 
Inox 347,Fe! 18Cr! 10Ni! Nb,"Laminação, WAAM","655,00","275,00","40,00","5,00","4,00","8,00","85,00","186,00","193,00","2,00",CALLISTER 
Inox 410,Fe! 12Cr! 0!15C,"Laminação, PBF-LB","500,00","300,00","25,00","3,00","3,00","7,75","60,00","100,00","200,00","4,00",CALLISTER 
Inox 420,Fe! 13Cr! 0!3C,Laminação,"1600,00","1350,00","8,00","3,00","3,00","7,75","25,00","118,00","200,00","4,00",CALLISTER 
Inox 430,Fe! 17Cr! 0!12C,Laminação,"483,00","310,00","22,00","4,00","3,00","7,75","55,00","87,20","200,00","4,00",CALLISTER 
Inox 446,Fe! 25Cr,Fundição,"550,00","345,00","20,00","5,00","3,00","7,60","50,00","89,50","200,00","3,00",CALLISTER 
Inox 17-4PH,Fe! 17Cr! 4Ni! 4Cu,"Fundição, PBF-LB","1310,00","1170,00","10,00","4,00","4,00","7,75","76,00","124,00","204,00","3,00",CALLISTER 
FF Cinzento,Fe! 3!5C! 2!5Si (Lamelar),Fundição,"180,00","0,00","0,50","2,00","2,00","7,30","12,00","0,50","110,00","5,00",CALLISTER 
FF Maleável,Fe! 2!5C (Tratado),Fundição,"350,00","230,00","10,00","2,00","3,00","7,30","20,00","29,00","170,00","5,00",CALLISTER 
FF Dúctil (Ferrítico),Fe! 3!5C! 2!5Si (Nodular),Fundição,"500,00","350,00","10,00","2,00","3,00","7,10","26,00","42,50","169,00","5,00",CALLISTER 
FF Dúctil (Perlítico),Fe! 3!5C! Si! Mn,Fundição,"700,00","420,00","3,00","2,00","3,00","7,10","23,00","16,80","169,00","5,00",CALLISTER 
FF Nodular,Fe! C! Mg (Nodular),Fundição,"500,00","350,00","10,00","2,00","3,00","7,10","26,00","42,50","69,00","5,00",CALLISTER 
Al 1100,99!0% Al min,"Laminação, Extrusão","90,00","34,00","35,00","5,00","2,00","2,71","30,00","21,70","72,00","4,00",CALLISTER 
Al 2014-T6,Al! 4!4Cu! 0!8Si,Forjamento,"483,00","414,00","13,00","2,00","3,00","2,80","25,00","58,30","72,00","3,00",CALLISTER 
Al 2024-T3,Al! 4!4Cu! 1!5Mg,Laminação,"485,00","345,00","18,00","2,00","3,00","2,77","26,00","74,70","69,00","2,00",CALLISTER 
Al 3004-H14,Al! 1!2Mn! 1!0Mg,Laminação (Latas),"240,00","200,00","5,00","5,00","2,00","2,72","28,00","11,00","72,00","4,00",CALLISTER 
Al 356.0,Al! 7!0Si! 0!3Mg,"Fundição, PBF-LB","230,00","160,00","3,00","3,00","3,00","2,69","18,00","5,90","70,00","4,00",CALLISTER 
Al 6061-T6,Al! 1!0Mg! 0!6Si,"Extrusão, WAAM","310,00","276,00","12,00","4,00","3,00","2,70","29,00","35,20","69,00","4,00",CALLISTER 
Al 6351-T6,Al! 1!0Si! 0!6Mg,Extrusão,"310,00","285,00","14,00","4,00","3,00","2,71","29,00","41,70","69,00","4,00",CALLISTER 
Al 7050-T7,Al! 6!2Zn! 2!3Mg! 2!3Cu,"Laminação, Forjamento","525,00","450,00","11,00","3,00","4,00","2,83","35,00","53,60","71,00","2,00",CALLISTER 
Al 7075-T6,Al! 5!6Zn! 2!5Mg,"Laminação, Extrusão","572,00","503,00","11,00","3,00","3,00","2,80","24,00","59,10","71,00","2,00",CALLISTER 
Al 7475-T7351,Al! 5!7Zn! 2!3Mg,Laminação,"524,00","469,00","11,00","3,00","4,00","2,81","45,00","54,60","71,00","2,00",CALLISTER 
Magnésio AZ31B,Mg! 3!0Al! 1!0Zn,"Laminação, Extrusão","290,00","220,00","15,00","1,00","3,00","1,77","18,00","38,30","45,00","2,00",CALLISTER 
Titânio CP (Gr.2),Ti Comercial Puro,"WAAM, PBF-LB","345,00","275,00","20,00","5,00","4,00","4,51","60,00","62,00","107,00","2,00",CALLISTER 
Ti-6Al-4V (Gr.5),Ti! 6Al! 4V,"WAAM, PBF-LB","950,00","880,00","14,00","5,00","5,00","4,43","55,00","128,10","114,00","1,00",CALLISTER 
Ti-6242,Ti! 6Al! 2Sn! 4Zr,"Forjamento, PBF-LB","1000,00","940,00","15,00","5,00","5,00","4,54","45,00","145,50","114,00","1,00",CALLISTER 
Cobre Puro,99!9% Cu,"Laminação, WAAM","220,00","69,00","45,00","4,00","3,00","8,89","50,00","65,00","115,00","3,00",CALLISTER 
Latão 70/30,70Cu! 30Zn,"Laminação, Extrusão","300,00","75,00","68,00","3,00","3,00","8,53","45,00","127,50","110,00","3,00",CALLISTER 
Latão Vermelho,85Cu! 15Zn,"Fundição, Laminação","270,00","80,00","45,00","4,00","3,00","8,75","40,00","78,80","117,00","3,00",CALLISTER 
Latão Amarelo,65Cu! 35Zn,Laminação,"340,00","120,00","55,00","3,00","3,00","8,47","40,00","126,50","105,00","3,00",CALLISTER 
Bronze (Cu-Sn),Cu! 10Sn,"Fundição, WAAM","400,00","180,00","20,00","5,00","3,00","8,80","45,00","58,00","110,00","3,00",CALLISTER 
Cu-Zn-Al (SM),Cu! Zn! Al,"Fundição, Usinagem","800,00","400,00","5,00","4,00","4,00","7,50","30,00","30,00","105,00","2,00",CALLISTER 
Inconel 600,Ni! 15Cr! 8Fe,Laminação,"655,00","310,00","40,00","5,00","4,00","8,47","100,00","193,00","207,00","1,00",CALLISTER 
Inconel 625,Ni! 21Cr! 9Mo! 4Nb,"WAAM, PBF-LB","930,00","517,00","42,00","5,00","5,00","8,44","110,00","303,90","207,00","1,00",CALLISTER 
Inconel 718,Ni! 19Cr! 3Mo! 5Nb,"PBF-LB, Forjamento","1375,00","1100,00","25,00","5,00","5,00","8,19","90,00","309,40","208,00","1,00",CALLISTER 
Incoloy 800,Fe! 32Ni! 21Cr,Laminação,"600,00","275,00","30,00","5,00","4,00","7,94","95,00","131,30","200,00","2,00",CALLISTER 
Hastelloy C-276,Ni! 16Cr! 16Mo,"Fundição, WAAM","760,00","350,00","50,00","5,00","5,00","8,89","105,00","277,50","205,00","1,00",CALLISTER 
Waspaloy,Ni! 19Cr! 13Co! 4Mo,"Forjamento, PBF-LB","1200,00","830,00","20,00","5,00","5,00","8,19","90,00","203,00","213,00","1,00",CALLISTER 
Monel K-500,63Ni! 30Cu! 3Al,Forjamento,"1100,00","790,00","20,00","5,00","4,00","8,44","90,00","189,00","179,00","1,00",CALLISTER 
Alumina (99%),Al2O3 Polycrystalline,PBF-LB (Cerâmica),"350,00","0,00","0,00","5,00","1,00","3,98","4,00","0,10","380,00","2,00",CALLISTER 
Zircônia (3Y),ZrO2 + 3% Y2O3,PBF-LB (Cerâmica),"1000,00","0,00","0,00","5,00","2,00","6,05","9,00","0,50","205,00","1,00",CALLISTER 
Carbeto Silício,SiC,"Fundição, PBF-LB","500,00","0,00","0,00","5,00","1,00","3,20","4,00","0,20","430,00","1,00",CALLISTER 
Vidro Pyrex,Borossilicato,Fundição (Sopro),"69,00","0,00","0,00","5,00","1,00","2,23","0,80","0,10","70,00","4,00",CALLISTER 
Concreto,Cimento + Agregados,Fundição,"4,00","0,00","0,00","4,00","2,00","2,40","0,50","0,01","30,00","5,00",CALLISTER 
"Nylon 6,6",Poliamida,"Extrusão, PBF-LB","80,00","55,00","200,00","4,00","2,00","1,15","3,00","135,00","2,80","4,00",CALLISTER 
HDPE,Polietileno,Extrusão,"28,00","20,00","800,00","5,00","2,00","0,96","2,00","192,00","1,10","5,00",CALLISTER 
PVC,Policloreto Vinila,Extrusão,"45,00","40,00","50,00","4,00","2,00","1,40","3,00","21,30","3,00","5,00",CALLISTER 
Polipropileno,PP,"Extrusão, PBF-LB","35,00","32,00","400,00","5,00","3,00","0,90","3,00","134,00","1,40","5,00",CALLISTER 
PMMA (Acrílico),Poliacrilato,"Fundição, Extrusão","60,00","60,00","4,00","4,00","1,00","1,19","1,20","2,40","3,10","4,00",CALLISTER 
PTFE (Teflon),Fluoropolímero,Extrusão (Sinterização),"28,00","14,00","300,00","5,00","2,00","2,17","2,00","63,00","0,50","2,00",CALLISTER 
Policarbonato,PC (Termoplástico),"Injeção, Extrusão","70,00","62,00","120,00","4,00","2,00","1,20","2,20","79,20","2,40","4,00",CALLISTER 
Poliestireno,PS (Termoplástico),Injeção,"50,00","0,00","2,00","4,00","1,00","1,05","1,00","0,50","3,00","5,00",CALLISTER 
Epóxi,Resina Termofixa,Fundição,"60,00","0,00","5,00","5,00","2,00","1,25","0,60","1,50","3,00","3,00",CALLISTER 
Comp. Vidro/Epóxi,Vidro-E + Epóxi,Laminação,"1020,00","0,00","2,30","5,00","3,00","2,10","25,00","11,70","45,00","3,00",CALLISTER 
Comp. Carbono,Fibra C + Epóxi,"Laminação, AFP","760,00","0,00","0,30","5,00","4,00","1,60","30,00","1,10","145,00","1,00",CALLISTER 
Comp. Aramida,Kevlar + Epóxi,Laminação,"1380,00","0,00","1,80","5,00","3,00","1,40","40,00","12,40","76,00","2,00",CALLISTER 
Madeira Pinheiro,Celulose + Lignina,Laminação,"108,00","0,00","0,00","2,00","2,00","0,50","10,00","0,50","12,00","5,00",CALLISTER 
2219-T851,Al 6.3% Cu,Extrudado,"455,00","352,00","6,00","2,00","4,00","2,84",,,"73,10","2,50",MatWeb
535.0-F,Al 6.8% Mg,Fundido,"241,00","124,00","8,00","4,00","2,00","2,62",,"14,20","71,00","3,00",MatWeb
713.0-T5,Al 7.5% Zn,Fundido,"221,00","152,00","3,00","3,00","2,00","2,81",,"3,40","71,00","3,00",MatWeb
6351-T6,Al 1.0% Si,Extrudado/Laminado,"310,00","283,00","14,00","4,00","3,00","2,71",,,"68,90","4,00",MatWeb
319.0-T6,Al 6.0% Si,Fundido,"214,00","138,00","1,50","3,00","3,00","2,79",,,"74,00","4,00",MatWeb
355.0-T6,Al 5.0% Si,Fundido,"221,00","138,00","2,00","3,00","2,00","2,71",,,"70,30","4,00",MatWeb
2014-T6,Al 4.4% Cu,Forjado/Laminado/Extrudado,"483,00","414,00","13,00","2,00","4,00","2,80","19,00",,"73,10","3,00",MatWeb
2024-T3,Al 4.4% Cu,Forjado/Extrudado/Laminado,"483,00","345,00","18,00","2,00","4,00","2,78",,,"73,10","2,00",MatWeb
2048-T851,Al 3.3% Cu,Laminado,"455,00","415,00","8,30","2,00","5,00","2,75",,"10,30","70,00","2,50",MatWeb
2124-T851,Al 4.4% Cu,Forjado/Extrudado/Laminado,"483,00","441,00","9,00","2,00","4,00","2,78","26,00",,"73,10","2,50",MatWeb
6061-T6,Al 1.0% Mg,Forjado/Extrudado/Laminado,"310,00","276,00","12,00","4,00","3,00","2,70",,,"68,90","4,00",MatWeb
3003-H14,Al 1.2% Mn,Laminado,"152,00","145,00","8,00","4,00","2,00","2,73",,,"68,90","4,00",MatWeb
3004-H34,Al 1.2% Mn,Laminado,"241,00","200,00","9,00","4,00","4,00","2,72",,,"68,90","4,00",MatWeb
3105-H24,Al 0.5% Mn,Laminado,"179,00","152,00","10,00","4,00","3,00","2,72",,,"68,90","4,00",MatWeb
4032-T6,Al 12.2% Si,Forjado,"379,00","317,00","9,00","4,00","4,00","2,68",,,"79,00","4,00",MatWeb
4043-H18,Al 5.2% Si,Extrudado,"285,00","270,00","0,50","4,00","2,00","2,69",,,"68,90","4,00",MatWeb
5052-H32,Al 2.5% Mg,Laminado,"228,00","193,00","12,00","4,00","4,00","2,68",,,"70,30","2,00",MatWeb
5083-H116,Al 4.5% Mg,Laminado,"317,00","228,00","16,00","4,00","5,00","2,66",,,"70,30","2,50",MatWeb
5086-H116,Al 4.0% Mg,Laminado,"290,00","207,00","12,00","4,00","4,00","2,66",,,"71,00","2,50",MatWeb
5456-H116,Al 5.1% Mg,Laminado,"352,00","255,00","16,00","4,00","4,00","2,66",,,"70,30","2,50",MatWeb
A201.0-T7,Al 4.6% Cu,Fundido,"414,00","345,00","3,00","2,00","3,00","2,80","30,00",,"71,00","3,00",MatWeb
6063-T6,Al 0.7% Mg,Extrudado,"241,00","214,00","12,00","4,00","2,00","2,70",,,"68,30","4,00",MatWeb
7005-T53,Al 4.5% Zn,Extrudado,"390,00","345,00","15,00","3,00","4,00","2,78",,,"71,00","2,50",MatWeb
7020-T6,Al 4.5% Zn,Extrudado/Laminado,"350,00","280,00","10,00","3,00","3,00","2,78",,,"71,00","2,50",MatWeb
7039-T64,Al 4.0% Zn,Laminado/Extrudado,"450,00","380,00","13,00","3,00","5,00","2,74","30,00",,"71,00","2,50",MatWeb
7050-T7451,Al 6.2% Zn,Laminado/Forjado,"524,00","469,00","11,00","4,00","4,00","2,83","35,00",,"70,00","2,00",MatWeb
7068-T6511,Al 7.8% Zn,Extrudado,"710,00","683,00","9,00","3,00","5,00","2,85",,,"73,10","2,00",MatWeb
7075-T6,Al 5.6% Zn,Forjado/Extrudado/Laminado,"572,00","503,00","11,00","3,00","5,00","2,81","29,00",,"71,70","2,00",MatWeb
7175-T736,Al 5.6% Zn,Forjado,"550,00","485,00","12,00","3,00","5,00","2,80","33,00",,"71,00","2,50",MatWeb
7475-T7351,Al 5.7% Zn,Laminado,"496,00","421,00","13,00","3,00","5,00","2,81","45,00",,"71,00","2,00",MatWeb
A356.0-T6,Al 7.0% Si,Fundido,"234,00","165,00","3,50","4,00","2,00","2,67",,"3,39","72,40","4,00",MatWeb
A357.0-T6,Al 7.0% Si,Fundido,"310,00","241,00","3,00","4,00","4,00","2,67",,"2,71","71,70","4,00",MatWeb
AISI 1018,0.14-0.20% C,Estirado a frio,"380,00","310,00","15,00","1,00","4,00","7,87",,,"205,00","1,00",MatWeb
AISI 1020,0.17-0.23% C,Normalizado,"438,00","319,00","35,50","1,00","4,00","7,87",,,"205,00","1,00",MatWeb
AISI 1030,0.27-0.34% C,Normalizado,"510,00","345,00","29,50","1,00","4,00","7,87",,,"205,00","1,10",MatWeb
AISI 1050,0.47-0.55% C,Estirado a frio,"620,00","550,00","10,00","1,00","4,00","7,87",,,"205,00","1,20",MatWeb
AISI 1060,0.55-0.66% C,Normalizado,"620,00","370,00","10,00","1,00","4,00","7,87",,,"205,00","1,30",MatWeb
AISI 1070,0.65-0.75% C,Lam. a quente,"620,00","310,00","10,00","1,00","4,00","7,87",,,"205,00","1,30",MatWeb
AISI 1080,0.75-0.88% C,Normalizado,"972,00","485,00","10,70","1,00","4,00","7,87",,,"205,00","1,30",MatWeb
AISI 1095,0.90-1.03% C,Normalizado,"910,00","400,00","9,20","1,00","4,00","7,87",,,"205,00","1,30",MatWeb
AISI 4130,Cr-Mo,Normalizado,"670,00","435,00","25,50","2,00","4,00","7,85",,"78,00","205,00","1,80",MatWeb
AISI 4140,Cr-Mo,Temperado/Rev.,"1020,00","655,00","17,70","2,00","4,00","7,85",,"54,00","205,00","1,90",MatWeb
AISI 4340,Ni-Cr-Mo,Forjado,"1110,00","710,00","12,00","2,00","5,00","7,85","110,00","45,00","205,00","2,20",MatWeb
AISI 5160,Cr,Normalizado,"725,00","415,00","12,00","1,00","5,00","7,85",,,"205,00","2,00",MatWeb
AISI 6150,Cr-V,Recozido,"655,00","415,00","22,00","2,00","5,00","7,85",,"26,00","205,00","2,00",MatWeb
AISI 8620,Ni-Cr-Mo,Forjado,"640,00","360,00","25,00","2,00","4,00","7,85",,"103,00","205,00","2,00",MatWeb
AISI 8740,Ni-Cr-Mo,Normalizado,"695,00","415,00","22,00","2,00","4,00","7,85",,"72,00","205,00","2,10",MatWeb
AISI 9310,Ni-Cr-Mo,Forjado,"825,00","565,00","17,00","2,00","5,00","7,86",,"77,00","209,00","2,50",MatWeb
D6AC,Cr-Mo-V,Temp. e Revenido,"1650,00","1400,00","11,00","1,00","5,00","7,78","100,00","18,00","210,00","5,00",MatWeb
300M,Ni-Cr-Mo-V,Forjado / VAR,"1950,00","1650,00","9,00","1,00","5,00","7,83","65,00","16,00","200,00","5,00",MatWeb